<Backups xmlns="http://www.microsoft.com/GroupPolicy/GPOOperations/Manifest" xmlns:mfst="http://www.microsoft.com/GroupPolicy/GPOOperations/Manifest" mfst:version="1.0"><BackupInst><GPOGuid><![CDATA[{FEF4B791-880A-4A3E-94F9-3A6F7ED27D5F}]]></GPOGuid><GPODomain><![CDATA[Sutton-Manor.sthelens.org.uk]]></GPODomain><GPODomainGuid><![CDATA[{f18f4de3-794e-4def-9200-df19562b9722}]]></GPODomainGuid><GPODomainController><![CDATA[SMA-PHY-P-SRV01.Sutton-Manor.sthelens.org.uk]]></GPODomainController><BackupTime><![CDATA[2024-03-13T13:10:01]]></BackupTime><ID><![CDATA[{DB8C14E0-0ADD-4AE5-9788-A7992F588D47}]]></ID><Comment><![CDATA[Photo Viewer Enable]]></Comment><GPODisplayName><![CDATA[Photo Viewer Enable]]></GPODisplayName></BackupInst></Backups>