<?xml version="1.0" encoding="utf-8"?><!-- Copyright (c) Microsoft Corporation.  All rights reserved. --><GroupPolicyBackupScheme bkp:version="2.0" bkp:type="GroupPolicyBackupTemplate" xmlns:bkp="http://www.microsoft.com/GroupPolicy/GPOOperations" xmlns="http://www.microsoft.com/GroupPolicy/GPOOperations">
    <GroupPolicyObject><SecurityGroups><Group bkp:Source="FromDACL"><Sid><![CDATA[S-1-5-21-2831807053-833361899-2509723807-512]]></Sid><SamAccountName><![CDATA[Domain Admins]]></SamAccountName><Type><![CDATA[GlobalGroup]]></Type><NetBIOSDomainName><![CDATA[SUTTON-MANOR]]></NetBIOSDomainName><DnsDomainName><![CDATA[Sutton-Manor.sthelens.org.uk]]></DnsDomainName><UPN><![CDATA[Domain Admins@Sutton-Manor.sthelens.org.uk]]></UPN></Group><Group bkp:Source="FromDACL"><Sid><![CDATA[S-1-5-21-789336058-299502267-725345543-519]]></Sid><SamAccountName><![CDATA[Enterprise Admins]]></SamAccountName><Type><![CDATA[UniversalGroup]]></Type><NetBIOSDomainName><![CDATA[STHELENS]]></NetBIOSDomainName><DnsDomainName><![CDATA[sthelens.org.uk]]></DnsDomainName><UPN><![CDATA[Enterprise Admins@sthelens.org.uk]]></UPN></Group></SecurityGroups><FilePaths/><GroupPolicyCoreSettings><ID><![CDATA[{FEF4B791-880A-4A3E-94F9-3A6F7ED27D5F}]]></ID><Domain><![CDATA[Sutton-Manor.sthelens.org.uk]]></Domain><SecurityDescriptor>01 00 04 9c 00 00 00 00 00 00 00 00 00 00 00 00 14 00 00 00 04 00 ec 00 08 00 00 00 05 02 28 00 00 01 00 00 01 00 00 00 8f fd ac ed b3 ff d1 11 b4 1d 00 a0 c9 68 f9 39 01 01 00 00 00 00 00 05 0b 00 00 00 00 00 24 00 ff 00 0f 00 01 05 00 00 00 00 00 05 15 00 00 00 4d f2 c9 a8 eb 17 ac 31 9f 58 97 95 00 02 00 00 00 02 24 00 ff 00 0f 00 01 05 00 00 00 00 00 05 15 00 00 00 4d f2 c9 a8 eb 17 ac 31 9f 58 97 95 00 02 00 00 00 02 24 00 ff 00 0f 00 01 05 00 00 00 00 00 05 15 00 00 00 fa 4f 0c 2f bb 0a da 11 07 e5 3b 2b 07 02 00 00 00 02 14 00 94 00 02 00 01 01 00 00 00 00 00 05 09 00 00 00 00 02 14 00 94 00 02 00 01 01 00 00 00 00 00 05 0b 00 00 00 00 02 14 00 ff 00 0f 00 01 01 00 00 00 00 00 05 12 00 00 00 00 0a 14 00 ff 00 0f 00 01 01 00 00 00 00 00 03 00 00 00 00</SecurityDescriptor><DisplayName><![CDATA[Photo Viewer Enable]]></DisplayName><Options><![CDATA[1]]></Options><UserVersionNumber><![CDATA[0]]></UserVersionNumber><MachineVersionNumber><![CDATA[131074]]></MachineVersionNumber><MachineExtensionGuids><![CDATA[[{42B5FAAE-6536-11D2-AE5A-0000F87571E3}{40B6664F-4972-11D1-A7CA-0000F87571E3}]]]></MachineExtensionGuids><UserExtensionGuids/><WMIFilter/></GroupPolicyCoreSettings> 
        <GroupPolicyExtension bkp:ID="{35378EAC-683F-11D2-A89A-00C04FBBCFA2}" bkp:DescName="Registry">
            
            
            <FSObjectFile bkp:Path="%GPO_FSPATH%\Adm\*.*" bkp:SourceExpandedPath="\\SMA-PHY-P-SRV01.Sutton-Manor.sthelens.org.uk\sysvol\Sutton-Manor.sthelens.org.uk\Policies\{FEF4B791-880A-4A3E-94F9-3A6F7ED27D5F}\Adm\*.*"/>
        </GroupPolicyExtension>
        
        
        <GroupPolicyExtension bkp:ID="{42B5FAAE-6536-11d2-AE5A-0000F87571E3}" bkp:DescName="Scripts">
            <FSObjectFile bkp:Path="%GPO_MACH_FSPATH%\Scripts\scripts.ini" bkp:SourceExpandedPath="\\SMA-PHY-P-SRV01.Sutton-Manor.sthelens.org.uk\sysvol\Sutton-Manor.sthelens.org.uk\Policies\{FEF4B791-880A-4A3E-94F9-3A6F7ED27D5F}\Machine\Scripts\scripts.ini" bkp:ReEvaluateFunction="ScriptsValidatePaths" bkp:Location="DomainSysvol\GPO\Machine\Scripts\scripts.ini"/>
	    
            <FSObjectDir bkp:Path="%GPO_MACH_FSPATH%\Scripts\Startup\*" bkp:SourceExpandedPath="\\SMA-PHY-P-SRV01.Sutton-Manor.sthelens.org.uk\sysvol\Sutton-Manor.sthelens.org.uk\Policies\{FEF4B791-880A-4A3E-94F9-3A6F7ED27D5F}\Machine\Scripts\Startup\*"><FSObjectDir bkp:Path="%GPO_MACH_FSPATH%\Scripts\Startup" bkp:SourceExpandedPath="\\SMA-PHY-P-SRV01.Sutton-Manor.sthelens.org.uk\sysvol\Sutton-Manor.sthelens.org.uk\Policies\{FEF4B791-880A-4A3E-94F9-3A6F7ED27D5F}\Machine\Scripts\Startup" bkp:Location="DomainSysvol\GPO\Machine\Scripts\Startup"/></FSObjectDir>
            <FSObjectFile bkp:Path="%GPO_MACH_FSPATH%\Scripts\Startup\*" bkp:SourceExpandedPath="\\SMA-PHY-P-SRV01.Sutton-Manor.sthelens.org.uk\sysvol\Sutton-Manor.sthelens.org.uk\Policies\{FEF4B791-880A-4A3E-94F9-3A6F7ED27D5F}\Machine\Scripts\Startup\*"><FSObjectFile bkp:Path="%GPO_MACH_FSPATH%\Scripts\Startup\photoviewer.cmd" bkp:SourceExpandedPath="\\SMA-PHY-P-SRV01.Sutton-Manor.sthelens.org.uk\sysvol\Sutton-Manor.sthelens.org.uk\Policies\{FEF4B791-880A-4A3E-94F9-3A6F7ED27D5F}\Machine\Scripts\Startup\photoviewer.cmd" bkp:Location="DomainSysvol\GPO\Machine\Scripts\Startup\photoviewer.cmd"/><FSObjectFile bkp:Path="%GPO_MACH_FSPATH%\Scripts\Startup\PhotoViewer-App-Associations.reg" bkp:SourceExpandedPath="\\SMA-PHY-P-SRV01.Sutton-Manor.sthelens.org.uk\sysvol\Sutton-Manor.sthelens.org.uk\Policies\{FEF4B791-880A-4A3E-94F9-3A6F7ED27D5F}\Machine\Scripts\Startup\PhotoViewer-App-Associations.reg" bkp:Location="DomainSysvol\GPO\Machine\Scripts\Startup\PhotoViewer-App-Associations.reg"/><FSObjectFile bkp:Path="%GPO_MACH_FSPATH%\Scripts\Startup\activate-photo-viewer.reg" bkp:SourceExpandedPath="\\SMA-PHY-P-SRV01.Sutton-Manor.sthelens.org.uk\sysvol\Sutton-Manor.sthelens.org.uk\Policies\{FEF4B791-880A-4A3E-94F9-3A6F7ED27D5F}\Machine\Scripts\Startup\activate-photo-viewer.reg" bkp:Location="DomainSysvol\GPO\Machine\Scripts\Startup\activate-photo-viewer.reg"/></FSObjectFile>
            <FSObjectDir bkp:Path="%GPO_MACH_FSPATH%\Scripts\Shutdown\*" bkp:SourceExpandedPath="\\SMA-PHY-P-SRV01.Sutton-Manor.sthelens.org.uk\sysvol\Sutton-Manor.sthelens.org.uk\Policies\{FEF4B791-880A-4A3E-94F9-3A6F7ED27D5F}\Machine\Scripts\Shutdown\*"><FSObjectDir bkp:Path="%GPO_MACH_FSPATH%\Scripts\Shutdown" bkp:SourceExpandedPath="\\SMA-PHY-P-SRV01.Sutton-Manor.sthelens.org.uk\sysvol\Sutton-Manor.sthelens.org.uk\Policies\{FEF4B791-880A-4A3E-94F9-3A6F7ED27D5F}\Machine\Scripts\Shutdown" bkp:Location="DomainSysvol\GPO\Machine\Scripts\Shutdown"/></FSObjectDir>
            <FSObjectFile bkp:Path="%GPO_MACH_FSPATH%\Scripts\Shutdown\*" bkp:SourceExpandedPath="\\SMA-PHY-P-SRV01.Sutton-Manor.sthelens.org.uk\sysvol\Sutton-Manor.sthelens.org.uk\Policies\{FEF4B791-880A-4A3E-94F9-3A6F7ED27D5F}\Machine\Scripts\Shutdown\*"/>
            
	    
            <FSObjectDir bkp:Path="%GPO_USER_FSPATH%\Scripts\Logon\*" bkp:SourceExpandedPath="\\SMA-PHY-P-SRV01.Sutton-Manor.sthelens.org.uk\sysvol\Sutton-Manor.sthelens.org.uk\Policies\{FEF4B791-880A-4A3E-94F9-3A6F7ED27D5F}\User\Scripts\Logon\*"/>
            <FSObjectFile bkp:Path="%GPO_USER_FSPATH%\Scripts\Logon\*" bkp:SourceExpandedPath="\\SMA-PHY-P-SRV01.Sutton-Manor.sthelens.org.uk\sysvol\Sutton-Manor.sthelens.org.uk\Policies\{FEF4B791-880A-4A3E-94F9-3A6F7ED27D5F}\User\Scripts\Logon\*"/>
            <FSObjectDir bkp:Path="%GPO_USER_FSPATH%\Scripts\Logoff\*" bkp:SourceExpandedPath="\\SMA-PHY-P-SRV01.Sutton-Manor.sthelens.org.uk\sysvol\Sutton-Manor.sthelens.org.uk\Policies\{FEF4B791-880A-4A3E-94F9-3A6F7ED27D5F}\User\Scripts\Logoff\*"/>
            <FSObjectFile bkp:Path="%GPO_USER_FSPATH%\Scripts\Logoff\*" bkp:SourceExpandedPath="\\SMA-PHY-P-SRV01.Sutton-Manor.sthelens.org.uk\sysvol\Sutton-Manor.sthelens.org.uk\Policies\{FEF4B791-880A-4A3E-94F9-3A6F7ED27D5F}\User\Scripts\Logoff\*"/>
        </GroupPolicyExtension>
        
        
        
        
        
        
    <GroupPolicyExtension bkp:ID="{F15C46CD-82A0-4C2D-A210-5D0D3182A418}" bkp:DescName="Unknown Extension"><FSObjectDir bkp:Path="%GPO_MACH_FSPATH%\Scripts" bkp:SourceExpandedPath="\\SMA-PHY-P-SRV01.Sutton-Manor.sthelens.org.uk\sysvol\Sutton-Manor.sthelens.org.uk\Policies\{FEF4B791-880A-4A3E-94F9-3A6F7ED27D5F}\Machine\Scripts" bkp:Location="DomainSysvol\GPO\Machine\Scripts"/></GroupPolicyExtension></GroupPolicyObject>
</GroupPolicyBackupScheme>